LABEL,LAT,LON,DIR
1-1.png,37.81306111026253,-122.27892002050388,295.9310115497632
1-2.png,37.81306111026253,-122.27892002050388,25.931011549763184
1-3.png,37.81306111026253,-122.27892002050388,115.93101154976318
1-4.png,37.81306111026253,-122.27892002050388,205.93101154976318
2-1.png,37.81408675393483,-122.29049061222798,195.44141746996993
2-2.png,37.81408675393483,-122.29049061222798,285.4414174699699
2-3.png,37.81408675393483,-122.29049061222798,15.441417469969906
2-4.png,37.81408675393483,-122.29049061222798,105.4414174699699
3-1.png,37.81107683278772,-122.27959790254788,108.03603812676215
3-2.png,37.81107683278772,-122.27959790254788,198.03603812676215
3-3.png,37.81107683278772,-122.27959790254788,288.03603812676215
3-4.png,37.81107683278772,-122.27959790254788,18.03603812676215
4-1.png,37.813495820551736,-122.28472633869124,195.55455928923038
4-2.png,37.813495820551736,-122.28472633869124,285.5545592892304
4-3.png,37.813495820551736,-122.28472633869124,15.554559289230383
4-4.png,37.813495820551736,-122.28472633869124,105.55455928923038
5-1.png,37.81018407487486,-122.28247683771701,15.670700476352636
5-2.png,37.81018407487486,-122.28247683771701,105.67070047635264
5-3.png,37.81018407487486,-122.28247683771701,195.67070047635264
5-4.png,37.81018407487486,-122.28247683771701,285.67070047635264
6-1.png,37.80816688261211,-122.29229411376953,15.367026326627638
6-2.png,37.80816688261211,-122.29229411376953,105.36702632662764
6-3.png,37.80816688261211,-122.29229411376953,195.36702632662764
6-4.png,37.80816688261211,-122.29229411376953,285.36702632662764
7-1.png,37.81309839683536,-122.28755412411898,285.67446455984367
7-2.png,37.81309839683536,-122.28755412411898,15.67446455984367
7-3.png,37.81309839683536,-122.28755412411898,105.67446455984367
7-4.png,37.81309839683536,-122.28755412411898,195.67446455984373
8-1.png,37.814277195438834,-122.28365043658816,283.16671898539164
8-2.png,37.814277195438834,-122.28365043658816,13.16671898539164
8-3.png,37.814277195438834,-122.28365043658816,103.16671898539164
8-4.png,37.814277195438834,-122.28365043658816,193.16671898539164
9-1.png,37.813988167732376,-122.28209877772565,282.83060460170327
9-2.png,37.813988167732376,-122.28209877772565,12.830604601703271
9-3.png,37.813988167732376,-122.28209877772565,102.83060460170327
9-4.png,37.813988167732376,-122.28209877772565,192.83060460170327
10-1.png,37.81398133579461,-122.28793082017297,15.43512942857052
10-2.png,37.81398133579461,-122.28793082017297,105.43512942857052
10-3.png,37.81398133579461,-122.28793082017297,195.43512942857052
10-4.png,37.81398133579461,-122.28793082017297,285.4351294285705
11-1.png,37.8132213359782,-122.28809062102519,285.6744645612697
11-2.png,37.8132213359782,-122.28809062102519,15.674464561269701
11-3.png,37.8132213359782,-122.28809062102519,105.6744645612697
11-4.png,37.8132213359782,-122.28809062102519,195.6744645612697
12-1.png,37.81255692654052,-122.28051608364254,15.524578657777397
12-2.png,37.81255692654052,-122.28051608364254,105.5245786577774
12-3.png,37.81255692654052,-122.28051608364254,195.5245786577774
12-4.png,37.81255692654052,-122.28051608364254,285.5245786577774
13-1.png,37.81155270287782,-122.2914540763035,196.9452078307246
13-2.png,37.81155270287782,-122.2914540763035,286.9452078307246
13-3.png,37.81155270287782,-122.2914540763035,16.9452078307246
13-4.png,37.81155270287782,-122.2914540763035,106.9452078307246
14-1.png,37.81031591753817,-122.28237713132783,105.8075259710883
14-2.png,37.81031591753817,-122.28237713132783,195.8075259710883
14-3.png,37.81031591753817,-122.28237713132783,285.8075259710883
14-4.png,37.81031591753817,-122.28237713132783,15.807525971088296
15-1.png,37.815030024128454,-122.27846949305933,15.822704838810466
15-2.png,37.815030024128454,-122.27846949305933,105.82270483881047
15-3.png,37.815030024128454,-122.27846949305933,195.82270483881047
15-4.png,37.815030024128454,-122.27846949305933,285.82270483881047
16-1.png,37.813317912685896,-122.29202277820107,285.7086530248175
16-2.png,37.813317912685896,-122.29202277820107,15.708653024817522
16-3.png,37.813317912685896,-122.29202277820107,105.70865302481752
16-4.png,37.813317912685896,-122.29202277820107,195.70865302481752
17-1.png,37.81111501927959,-122.28213417253531,15.874126902231808
17-2.png,37.81111501927959,-122.28213417253531,105.87412690223181
17-3.png,37.81111501927959,-122.28213417253531,195.8741269022318
17-4.png,37.81111501927959,-122.28213417253531,285.8741269022318
18-1.png,37.81136889716191,-122.279681280056,8.477537402735834
18-2.png,37.81136889716191,-122.279681280056,98.47753740273583
18-3.png,37.81136889716191,-122.279681280056,188.47753740273583
18-4.png,37.81136889716191,-122.279681280056,278.47753740273583
19-1.png,37.810630198226285,-122.28371321214905,105.6325360193697
19-2.png,37.810630198226285,-122.28371321214905,195.6325360193697
19-3.png,37.810630198226285,-122.28371321214905,285.6325360193697
19-4.png,37.810630198226285,-122.28371321214905,15.632536019369695
20-1.png,37.81321227125506,-122.27728721284278,295.1326645150028
20-2.png,37.81321227125506,-122.27728721284278,25.132664515002773
20-3.png,37.81321227125506,-122.27728721284278,115.13266451500277
20-4.png,37.81321227125506,-122.27728721284278,205.13266451500272
21-1.png,37.81541777670052,-122.27833176511665,15.294431577109037
21-2.png,37.81541777670052,-122.27833176511665,105.29443157710904
21-3.png,37.81541777670052,-122.27833176511665,195.29443157710904
21-4.png,37.81541777670052,-122.27833176511665,285.29443157710904
22-1.png,37.813655432898656,-122.2803446530785,284.12285230419695
22-2.png,37.813655432898656,-122.2803446530785,14.122852304196954
22-3.png,37.813655432898656,-122.2803446530785,104.12285230419695
22-4.png,37.813655432898656,-122.2803446530785,194.12285230419695
23-1.png,37.81331707565722,-122.29201914034645,285.70871345113477
23-2.png,37.81331707565722,-122.29201914034645,15.70871345113477
23-3.png,37.81331707565722,-122.29201914034645,105.70871345113477
23-4.png,37.81331707565722,-122.29201914034645,195.70871345113483
24-1.png,37.8137760554598,-122.2905410865275,284.84052108396827
24-2.png,37.8137760554598,-122.2905410865275,14.84052108396827
24-3.png,37.8137760554598,-122.2905410865275,104.84052108396827
24-4.png,37.8137760554598,-122.2905410865275,194.84052108396827
25-1.png,37.80984512778244,-122.29168424018866,15.84445912880227
25-2.png,37.80984512778244,-122.29168424018866,105.84445912880227
25-3.png,37.80984512778244,-122.29168424018866,195.84445912880227
25-4.png,37.80984512778244,-122.29168424018866,285.84445912880227
26-1.png,37.80988870262162,-122.28020235534323,15.63068404451326
26-2.png,37.80988870262162,-122.28020235534323,105.63068404451326
26-3.png,37.80988870262162,-122.28020235534323,195.63068404451326
26-4.png,37.80988870262162,-122.28020235534323,285.63068404451326
27-1.png,37.81078351503899,-122.28225647218932,15.874126902403987
27-2.png,37.81078351503899,-122.28225647218932,105.87412690240399
27-3.png,37.81078351503899,-122.28225647218932,195.874126902404
27-4.png,37.81078351503899,-122.28225647218932,285.874126902404
28-1.png,37.81146203379608,-122.28884812420895,15.896054910383896
28-2.png,37.81146203379608,-122.28884812420895,105.8960549103839
28-3.png,37.81146203379608,-122.28884812420895,195.8960549103839
28-4.png,37.81146203379608,-122.28884812420895,285.8960549103839
29-1.png,37.814968895299586,-122.27849277665946,16.29995080260653
29-2.png,37.814968895299586,-122.27849277665946,106.29995080260653
29-3.png,37.814968895299586,-122.27849277665946,196.29995080260653
29-4.png,37.814968895299586,-122.27849277665946,286.29995080260653
30-1.png,37.810218191547165,-122.28708957293429,16.368625063650313
30-2.png,37.810218191547165,-122.28708957293429,106.36862506365031
30-3.png,37.810218191547165,-122.28708957293429,196.3686250636503
30-4.png,37.810218191547165,-122.28708957293429,286.3686250636503
31-1.png,37.81283105386118,-122.28638729342931,285.67003608677703
31-2.png,37.81283105386118,-122.28638729342931,15.670036086777031
31-3.png,37.81283105386118,-122.28638729342931,105.67003608677703
31-4.png,37.81283105386118,-122.28638729342931,195.67003608677703
32-1.png,37.810696216352575,-122.28456685433864,15.6113013230418
32-2.png,37.810696216352575,-122.28456685433864,105.6113013230418
32-3.png,37.810696216352575,-122.28456685433864,195.6113013230418
32-4.png,37.810696216352575,-122.28456685433864,285.6113013230418
33-1.png,37.81092869294578,-122.27997099563832,195.67965823362388
33-2.png,37.81092869294578,-122.27997099563832,285.67965823362385
33-3.png,37.81092869294578,-122.27997099563832,15.679658233623854
33-4.png,37.81092869294578,-122.27997099563832,105.67965823362385
34-1.png,37.81324772634446,-122.29041937427264,15.314070048424242
34-2.png,37.81324772634446,-122.29041937427264,105.31407004842424
34-3.png,37.81324772634446,-122.29041937427264,195.31407004842424
34-4.png,37.81324772634446,-122.29041937427264,285.31407004842424
35-1.png,37.81008326639037,-122.29159658817062,15.84445912880227
35-2.png,37.81008326639037,-122.29159658817062,105.84445912880227
35-3.png,37.81008326639037,-122.29159658817062,195.84445912880227
35-4.png,37.81008326639037,-122.29159658817062,285.84445912880227
36-1.png,37.80723076245617,-122.29263230318251,16.030886281352423
36-2.png,37.80723076245617,-122.29263230318251,106.03088628135242
36-3.png,37.80723076245617,-122.29263230318251,196.03088628135242
36-4.png,37.80723076245617,-122.29263230318251,286.0308862813524
37-1.png,37.81195153444395,-122.28293283675833,15.56171076502369
37-2.png,37.81195153444395,-122.28293283675833,105.56171076502369
37-3.png,37.81195153444395,-122.28293283675833,195.5617107650237
37-4.png,37.81195153444395,-122.28293283675833,285.5617107650237
38-1.png,37.81367419644739,-122.29008971867646,286.3432460722627
38-2.png,37.81367419644739,-122.29008971867646,16.343246072262673
38-3.png,37.81367419644739,-122.29008971867646,106.34324607226267
38-4.png,37.81367419644739,-122.29008971867646,196.34324607226267
39-1.png,37.81296232663696,-122.28146206616529,14.718634789264286
39-2.png,37.81296232663696,-122.28146206616529,104.71863478926429
39-3.png,37.81296232663696,-122.28146206616529,194.71863478926429
39-4.png,37.81296232663696,-122.28146206616529,284.7186347892643
40-1.png,37.814380322676655,-122.28418752985986,283.16671898539164
40-2.png,37.814380322676655,-122.28418752985986,13.16671898539164
40-3.png,37.814380322676655,-122.28418752985986,103.16671898539164
40-4.png,37.814380322676655,-122.28418752985986,193.16671898539164
41-1.png,37.81054023140739,-122.27996607823376,15.608550727146849
41-2.png,37.81054023140739,-122.27996607823376,105.60855072714685
41-3.png,37.81054023140739,-122.27996607823376,195.60855072714685
41-4.png,37.81054023140739,-122.27996607823376,285.60855072714685
42-1.png,37.81372508479799,-122.28069467762201,283.02341832425384
42-2.png,37.81372508479799,-122.28069467762201,13.02341832425384
42-3.png,37.81372508479799,-122.28069467762201,103.02341832425384
42-4.png,37.81372508479799,-122.28069467762201,193.02341832425384
43-1.png,37.81319134591363,-122.28822004084515,15.709016847656073
43-2.png,37.81319134591363,-122.28822004084515,105.70901684765607
43-3.png,37.81319134591363,-122.28822004084515,195.70901684765607
43-4.png,37.81319134591363,-122.28822004084515,285.7090168476561
44-1.png,37.81016098737386,-122.28168954420737,105.70811975624645
44-2.png,37.81016098737386,-122.28168954420737,195.70811975624645
44-3.png,37.81016098737386,-122.28168954420737,285.70811975624645
44-4.png,37.81016098737386,-122.28168954420737,15.708119756246447
45-1.png,37.81536526760128,-122.28744479873669,15.49439896602263
45-2.png,37.81536526760128,-122.28744479873669,105.49439896602263
45-3.png,37.81536526760128,-122.28744479873669,195.49439896602263
45-4.png,37.81536526760128,-122.28744479873669,285.49439896602263
46-1.png,37.81070160345478,-122.29105961956022,105.44128214794091
46-2.png,37.81070160345478,-122.29105961956022,195.4412821479409
46-3.png,37.81070160345478,-122.29105961956022,285.4412821479409
46-4.png,37.81070160345478,-122.29105961956022,15.44128214794091
47-1.png,37.80820781352484,-122.29227958609532,15.35432356860963
47-2.png,37.80820781352484,-122.29227958609532,105.35432356860963
47-3.png,37.80820781352484,-122.29227958609532,195.35432356860963
47-4.png,37.80820781352484,-122.29227958609532,285.35432356860963
48-1.png,37.81367512228088,-122.28044017878497,284.12285230419695
48-2.png,37.81367512228088,-122.28044017878497,14.122852304196954
48-3.png,37.81367512228088,-122.28044017878497,104.12285230419695
48-4.png,37.81367512228088,-122.28044017878497,194.12285230419695
49-1.png,37.81427038677104,-122.28361497710969,283.16671898539164
49-2.png,37.81427038677104,-122.28361497710969,13.16671898539164
49-3.png,37.81427038677104,-122.28361497710969,103.16671898539164
49-4.png,37.81427038677104,-122.28361497710969,193.16671898539164
50-1.png,37.81260739093645,-122.27573478146687,295.6034247668825
50-2.png,37.81260739093645,-122.27573478146687,25.603424766882483
50-3.png,37.81260739093645,-122.27573478146687,115.60342476688248
50-4.png,37.81260739093645,-122.27573478146687,205.60342476688243
51-1.png,37.81146126084007,-122.28127168401176,285.18112051009496
51-2.png,37.81146126084007,-122.28127168401176,15.181120510094956
51-3.png,37.81146126084007,-122.28127168401176,105.18112051009496
51-4.png,37.81146126084007,-122.28127168401176,195.18112051009496
52-1.png,37.80971953321412,-122.29173046771787,15.844459128686708
52-2.png,37.80971953321412,-122.29173046771787,105.84445912868671
52-3.png,37.80971953321412,-122.29173046771787,195.8444591286867
52-4.png,37.80971953321412,-122.29173046771787,285.8444591286867
53-1.png,37.81248813631991,-122.29069001490171,15.361398993511614
53-2.png,37.81248813631991,-122.29069001490171,105.36139899351161
53-3.png,37.81248813631991,-122.29069001490171,195.3613989935116
53-4.png,37.81248813631991,-122.29069001490171,285.3613989935116
54-1.png,37.81208559840424,-122.27846443492005,295.6672385786891
54-2.png,37.81208559840424,-122.27846443492005,25.66723857868908
54-3.png,37.81208559840424,-122.27846443492005,115.66723857868908
54-4.png,37.81208559840424,-122.27846443492005,205.66723857868908
55-1.png,37.81392216403055,-122.29119094249563,285.4377598242337
55-2.png,37.81392216403055,-122.29119094249563,15.437759824233694
55-3.png,37.81392216403055,-122.29119094249563,105.4377598242337
55-4.png,37.81392216403055,-122.29119094249563,195.4377598242337
56-1.png,37.810692577745066,-122.29101961824529,105.44128214794091
56-2.png,37.810692577745066,-122.29101961824529,195.4412821479409
56-3.png,37.810692577745066,-122.29101961824529,285.4412821479409
56-4.png,37.810692577745066,-122.29101961824529,15.44128214794091
57-1.png,37.81488793786524,-122.29020700761586,195.0656034357619
57-2.png,37.81488793786524,-122.29020700761586,285.0656034357619
57-3.png,37.81488793786524,-122.29020700761586,15.065603435761886
57-4.png,37.81488793786524,-122.29020700761586,105.06560343576189
58-1.png,37.81359353127864,-122.29463729310525,121.96969949842082
58-2.png,37.81359353127864,-122.29463729310525,211.96969949842082
58-3.png,37.81359353127864,-122.29463729310525,301.9696994984208
58-4.png,37.81359353127864,-122.29463729310525,31.969699498420823
59-1.png,37.811074149484156,-122.27958765521049,108.13808377328496
59-2.png,37.811074149484156,-122.27958765521049,198.13808377328496
59-3.png,37.811074149484156,-122.27958765521049,288.13808377328496
59-4.png,37.811074149484156,-122.27958765521049,18.13808377328496
60-1.png,37.80976957942026,-122.28024578348598,15.707258502820082
60-2.png,37.80976957942026,-122.28024578348598,105.70725850282008
60-3.png,37.80976957942026,-122.28024578348598,195.70725850282008
60-4.png,37.80976957942026,-122.28024578348598,285.7072585028201
61-1.png,37.80870749648294,-122.29244771542866,195.00056439066788
61-2.png,37.80870749648294,-122.29244771542866,285.0005643906679
61-3.png,37.80870749648294,-122.29244771542866,15.000564390667876
61-4.png,37.80870749648294,-122.29244771542866,105.00056439066788
62-1.png,37.81279666852733,-122.27824746477957,295.91610292541174
62-2.png,37.81279666852733,-122.27824746477957,25.916102925411735
62-3.png,37.81279666852733,-122.27824746477957,115.91610292541174
62-4.png,37.81279666852733,-122.27824746477957,205.91610292541168
63-1.png,37.812022976178135,-122.27956049084752,15.422584628824211
63-2.png,37.812022976178135,-122.27956049084752,105.42258462882421
63-3.png,37.812022976178135,-122.27956049084752,195.4225846288242
63-4.png,37.812022976178135,-122.27956049084752,285.4225846288242
64-1.png,37.813530999439784,-122.28471362927566,195.55455928923038
64-2.png,37.813530999439784,-122.28471362927566,285.5545592892304
64-3.png,37.813530999439784,-122.28471362927566,15.554559289230383
64-4.png,37.813530999439784,-122.28471362927566,105.55455928923038
65-1.png,37.814851805991175,-122.28424482844204,195.66221575001452
65-2.png,37.814851805991175,-122.28424482844204,285.6622157500145
65-3.png,37.814851805991175,-122.28424482844204,15.662215750014525
65-4.png,37.814851805991175,-122.28424482844204,105.66221575001452
66-1.png,37.814499462492975,-122.28089661950956,15.688773322718646
66-2.png,37.814499462492975,-122.28089661950956,105.68877332271865
66-3.png,37.814499462492975,-122.28089661950956,195.68877332271865
66-4.png,37.814499462492975,-122.28089661950956,285.68877332271865
67-1.png,37.81402260860586,-122.27883275558823,15.661440343072229
67-2.png,37.81402260860586,-122.27883275558823,105.66144034307223
67-3.png,37.81402260860586,-122.27883275558823,195.66144034307223
67-4.png,37.81402260860586,-122.27883275558823,285.66144034307223
68-1.png,37.812199882233394,-122.29063067502622,105.77922435390673
68-2.png,37.812199882233394,-122.29063067502622,195.77922435390673
68-3.png,37.812199882233394,-122.29063067502622,285.7792243539067
68-4.png,37.812199882233394,-122.29063067502622,15.779224353906727
69-1.png,37.81553492569787,-122.28738375261929,15.494398965874552
69-2.png,37.81553492569787,-122.28738375261929,105.49439896587455
69-3.png,37.81553492569787,-122.28738375261929,195.49439896587455
69-4.png,37.81553492569787,-122.28738375261929,285.49439896587455
70-1.png,37.811507569112905,-122.2770059073924,295.70607476971355
70-2.png,37.811507569112905,-122.2770059073924,25.706074769713553
70-3.png,37.811507569112905,-122.2770059073924,115.70607476971355
70-4.png,37.811507569112905,-122.2770059073924,205.7060747697135
71-1.png,37.8132642059761,-122.2774239947773,295.5868443795557
71-2.png,37.8132642059761,-122.2774239947773,25.586844379555714
71-3.png,37.8132642059761,-122.2774239947773,115.58684437955571
71-4.png,37.8132642059761,-122.2774239947773,205.5868443795557
72-1.png,37.813823403084854,-122.28342277110276,15.709207770176135
72-2.png,37.813823403084854,-122.28342277110276,105.70920777017614
72-3.png,37.813823403084854,-122.28342277110276,195.70920777017614
72-4.png,37.813823403084854,-122.28342277110276,285.70920777017614
73-1.png,37.81344041853015,-122.28812888639548,15.777000035488072
73-2.png,37.81344041853015,-122.28812888639548,105.77700003548807
73-3.png,37.81344041853015,-122.28812888639548,195.77700003548807
73-4.png,37.81344041853015,-122.28812888639548,285.7770000354881
74-1.png,37.81116949482143,-122.28609684152099,105.41905634156473
74-2.png,37.81116949482143,-122.28609684152099,195.41905634156473
74-3.png,37.81116949482143,-122.28609684152099,285.4190563415647
74-4.png,37.81116949482143,-122.28609684152099,15.419056341564726
75-1.png,37.811078600600766,-122.27960465369712,107.96880921358593
75-2.png,37.811078600600766,-122.27960465369712,197.96880921358593
75-3.png,37.811078600600766,-122.27960465369712,287.9688092135859
75-4.png,37.811078600600766,-122.27960465369712,17.968809213585928
76-1.png,37.811578473859086,-122.28789024466214,105.75758913858584
76-2.png,37.811578473859086,-122.28789024466214,195.75758913858584
76-3.png,37.811578473859086,-122.28789024466214,285.75758913858584
76-4.png,37.811578473859086,-122.28789024466214,15.757589138585843
77-1.png,37.809794647523155,-122.28373145436508,15.76576141448686
77-2.png,37.809794647523155,-122.28373145436508,105.76576141448686
77-3.png,37.809794647523155,-122.28373145436508,195.76576141448686
77-4.png,37.809794647523155,-122.28373145436508,285.76576141448686
78-1.png,37.81456508665873,-122.2791138925318,103.00034880558462
78-2.png,37.81456508665873,-122.2791138925318,193.00034880558462
78-3.png,37.81456508665873,-122.2791138925318,283.0003488055846
78-4.png,37.81456508665873,-122.2791138925318,13.000348805584622
79-1.png,37.811568233623966,-122.28196696968811,15.815813465564304
79-2.png,37.811568233623966,-122.28196696968811,105.8158134655643
79-3.png,37.811568233623966,-122.28196696968811,195.8158134655643
79-4.png,37.811568233623966,-122.28196696968811,285.8158134655643
80-1.png,37.814167852995816,-122.29008776431856,15.583573070862542
80-2.png,37.814167852995816,-122.29008776431856,105.58357307086254
80-3.png,37.814167852995816,-122.29008776431856,195.58357307086254
80-4.png,37.814167852995816,-122.29008776431856,285.58357307086254
81-1.png,37.81118793645934,-122.29118533693105,16.717379455293838
81-2.png,37.81118793645934,-122.29118533693105,106.71737945529384
81-3.png,37.81118793645934,-122.29118533693105,196.71737945529384
81-4.png,37.81118793645934,-122.29118533693105,286.71737945529384
82-1.png,37.81182699942516,-122.2778132882674,296.36950136181525
82-2.png,37.81182699942516,-122.2778132882674,26.369501361815253
82-3.png,37.81182699942516,-122.2778132882674,116.36950136181525
82-4.png,37.81182699942516,-122.2778132882674,206.3695013618153
83-1.png,37.81486631632116,-122.28423954874245,195.66221575001452
83-2.png,37.81486631632116,-122.28423954874245,285.6622157500145
83-3.png,37.81486631632116,-122.28423954874245,15.662215750014525
83-4.png,37.81486631632116,-122.28423954874245,105.66221575001452
84-1.png,37.81264878896847,-122.2838512240981,15.683139968058242
84-2.png,37.81264878896847,-122.2838512240981,105.68313996805824
84-3.png,37.81264878896847,-122.2838512240981,195.68313996805824
84-4.png,37.81264878896847,-122.2838512240981,285.68313996805824
85-1.png,37.810907599544734,-122.27749240332011,115.78124214506727
85-2.png,37.810907599544734,-122.27749240332011,205.78124214506727
85-3.png,37.810907599544734,-122.27749240332011,295.78124214506727
85-4.png,37.810907599544734,-122.27749240332011,25.781242145067267
86-1.png,37.81395377375779,-122.29053828637538,195.44083629380216
86-2.png,37.81395377375779,-122.29053828637538,285.44083629380214
86-3.png,37.81395377375779,-122.29053828637538,15.440836293802136
86-4.png,37.81395377375779,-122.29053828637538,105.44083629380214
87-1.png,37.81565850863006,-122.27824592547847,15.463517117828133
87-2.png,37.81565850863006,-122.27824592547847,105.46351711782813
87-3.png,37.81565850863006,-122.27824592547847,195.46351711782813
87-4.png,37.81565850863006,-122.27824592547847,285.46351711782813
88-1.png,37.81028486794309,-122.28355193151727,15.767342207096078
88-2.png,37.81028486794309,-122.28355193151727,105.76734220709608
88-3.png,37.81028486794309,-122.28355193151727,195.76734220709608
88-4.png,37.81028486794309,-122.28355193151727,285.7673422070961
89-1.png,37.81162649489366,-122.28878737996406,15.859107732044151
89-2.png,37.81162649489366,-122.28878737996406,105.85910773204415
89-3.png,37.81162649489366,-122.28878737996406,195.85910773204415
89-4.png,37.81162649489366,-122.28878737996406,285.85910773204415
90-1.png,37.809112012904976,-122.29195189447002,15.67748687147025
90-2.png,37.809112012904976,-122.29195189447002,105.67748687147025
90-3.png,37.809112012904976,-122.29195189447002,195.67748687147025
90-4.png,37.809112012904976,-122.29195189447002,285.67748687147025
91-1.png,37.81442743202107,-122.28092287733152,15.92733776951576
91-2.png,37.81442743202107,-122.28092287733152,105.92733776951576
91-3.png,37.81442743202107,-122.28092287733152,195.92733776951576
91-4.png,37.81442743202107,-122.28092287733152,285.92733776951576
92-1.png,37.80877302939621,-122.29242490715144,195.0027733274554
92-2.png,37.80877302939621,-122.29242490715144,285.00277332745543
92-3.png,37.80877302939621,-122.29242490715144,15.00277332745543
92-4.png,37.80877302939621,-122.29242490715144,105.00277332745543
93-1.png,37.81027920567742,-122.29152446806417,15.84445912880227
93-2.png,37.81027920567742,-122.29152446806417,105.84445912880227
93-3.png,37.81027920567742,-122.29152446806417,195.84445912880227
93-4.png,37.81027920567742,-122.29152446806417,285.84445912880227
94-1.png,37.81010074793509,-122.28595588573457,15.411109169329166
94-2.png,37.81010074793509,-122.28595588573457,105.41110916932917
94-3.png,37.81010074793509,-122.28595588573457,195.41110916932917
94-4.png,37.81010074793509,-122.28595588573457,285.41110916932917
95-1.png,37.81056583631472,-122.2834286663741,105.86097766984471
95-2.png,37.81056583631472,-122.2834286663741,195.86097766984471
95-3.png,37.81056583631472,-122.2834286663741,285.8609776698447
95-4.png,37.81056583631472,-122.2834286663741,15.860977669844715
96-1.png,37.81296875714027,-122.29338103411723,121.45356051381395
96-2.png,37.81296875714027,-122.29338103411723,211.45356051381395
96-3.png,37.81296875714027,-122.29338103411723,301.45356051381395
96-4.png,37.81296875714027,-122.29338103411723,31.453560513813954
97-1.png,37.81387715769628,-122.28340315147038,15.709207769701607
97-2.png,37.81387715769628,-122.28340315147038,105.7092077697016
97-3.png,37.81387715769628,-122.28340315147038,195.7092077697016
97-4.png,37.81387715769628,-122.28340315147038,285.7092077697016
98-1.png,37.81347376637155,-122.28554280306946,285.30216305825934
98-2.png,37.81347376637155,-122.28554280306946,15.302163058259339
98-3.png,37.81347376637155,-122.28554280306946,105.30216305825934
98-4.png,37.81347376637155,-122.28554280306946,195.30216305825934
99-1.png,37.814217397918995,-122.28333901377957,283.1190427633608
99-2.png,37.814217397918995,-122.28333901377957,13.119042763360824
99-3.png,37.814217397918995,-122.28333901377957,103.11904276336082
99-4.png,37.814217397918995,-122.28333901377957,193.11904276336077
100-1.png,37.81078320518983,-122.28571164359279,15.42065255531935
100-2.png,37.81078320518983,-122.28571164359279,105.42065255531935
100-3.png,37.81078320518983,-122.28571164359279,195.42065255531935
100-4.png,37.81078320518983,-122.28571164359279,285.42065255531935
101-1.png,37.81291517548532,-122.27923579982921,15.660257485932334
101-2.png,37.81291517548532,-122.27923579982921,105.66025748593233
101-3.png,37.81291517548532,-122.27923579982921,195.66025748593233
101-4.png,37.81291517548532,-122.27923579982921,285.66025748593233
102-1.png,37.809178207792975,-122.29228334703004,195.97594198291546
102-2.png,37.809178207792975,-122.29228334703004,285.97594198291546
102-3.png,37.809178207792975,-122.29228334703004,15.975941982915458
102-4.png,37.809178207792975,-122.29228334703004,105.97594198291546
103-1.png,37.810631459801556,-122.29074823264699,105.41854970766224
103-2.png,37.810631459801556,-122.29074823264699,195.41854970766224
103-3.png,37.810631459801556,-122.29074823264699,285.41854970766224
103-4.png,37.810631459801556,-122.29074823264699,15.418549707662237
104-1.png,37.80681244343237,-122.29279698406543,18.755648239608036
104-2.png,37.80681244343237,-122.29279698406543,108.75564823960804
104-3.png,37.80681244343237,-122.29279698406543,198.75564823960804
104-4.png,37.80681244343237,-122.29279698406543,288.75564823960804
105-1.png,37.81463078689112,-122.28770274650867,15.038228622439021
105-2.png,37.81463078689112,-122.28770274650867,105.03822862243902
105-3.png,37.81463078689112,-122.28770274650867,195.03822862243902
105-4.png,37.81463078689112,-122.28770274650867,285.038228622439
106-1.png,37.80803495761206,-122.29234140296427,15.382245543506201
106-2.png,37.80803495761206,-122.29234140296427,105.3822455435062
106-3.png,37.80803495761206,-122.29234140296427,195.3822455435062
106-4.png,37.80803495761206,-122.29234140296427,285.3822455435062
107-1.png,37.814564241610476,-122.27910943589463,103.00034880558462
107-2.png,37.814564241610476,-122.27910943589463,193.00034880558462
107-3.png,37.814564241610476,-122.27910943589463,283.0003488055846
107-4.png,37.814564241610476,-122.27910943589463,13.000348805584622
108-1.png,37.8160212883419,-122.28720874869619,15.497754425941366
108-2.png,37.8160212883419,-122.28720874869619,105.49775442594137
108-3.png,37.8160212883419,-122.28720874869619,195.49775442594137
108-4.png,37.8160212883419,-122.28720874869619,285.49775442594137
109-1.png,37.811506553557656,-122.27700328409132,295.700235560829
109-2.png,37.811506553557656,-122.27700328409132,25.700235560829015
109-3.png,37.811506553557656,-122.27700328409132,115.70023556082901
109-4.png,37.811506553557656,-122.27700328409132,205.70023556082901
110-1.png,37.81068733722199,-122.28118227777473,15.095164110821145
110-2.png,37.81068733722199,-122.28118227777473,105.09516411082114
110-3.png,37.81068733722199,-122.28118227777473,195.09516411082114
110-4.png,37.81068733722199,-122.28118227777473,285.09516411082114
111-1.png,37.81070608018264,-122.28456327536706,15.609844581484936
111-2.png,37.81070608018264,-122.28456327536706,105.60984458148494
111-3.png,37.81070608018264,-122.28456327536706,195.60984458148494
111-4.png,37.81070608018264,-122.28456327536706,285.60984458148494
112-1.png,37.81214657363902,-122.28521616507612,195.8109587917324
112-2.png,37.81214657363902,-122.28521616507612,285.8109587917324
112-3.png,37.81214657363902,-122.28521616507612,15.81095879173239
112-4.png,37.81214657363902,-122.28521616507612,105.81095879173239
113-1.png,37.81254640566553,-122.27936998499843,15.660257486458363
113-2.png,37.81254640566553,-122.27936998499843,105.66025748645836
113-3.png,37.81254640566553,-122.27936998499843,195.66025748645836
113-4.png,37.81254640566553,-122.27936998499843,285.66025748645836
114-1.png,37.81149747227117,-122.2796604655036,6.435324241967976
114-2.png,37.81149747227117,-122.2796604655036,96.43532424196798
114-3.png,37.81149747227117,-122.2796604655036,186.43532424196798
114-4.png,37.81149747227117,-122.2796604655036,276.435324241968
115-1.png,37.81192894604997,-122.29089706589495,16.6467320588946
115-2.png,37.81192894604997,-122.29089706589495,106.6467320588946
115-3.png,37.81192894604997,-122.29089706589495,196.6467320588946
115-4.png,37.81192894604997,-122.29089706589495,286.6467320588946
116-1.png,37.80952313028367,-122.29180275730842,15.84445912880227
116-2.png,37.80952313028367,-122.29180275730842,105.84445912880227
116-3.png,37.80952313028367,-122.29180275730842,195.84445912880227
116-4.png,37.80952313028367,-122.29180275730842,285.84445912880227
117-1.png,37.81334088447035,-122.28359887485436,15.697889493873447
117-2.png,37.81334088447035,-122.28359887485436,105.69788949387345
117-3.png,37.81334088447035,-122.28359887485436,195.69788949387345
117-4.png,37.81334088447035,-122.28359887485436,285.69788949387345
118-1.png,37.813249771020125,-122.29172529960321,285.6664249230395
118-2.png,37.813249771020125,-122.29172529960321,15.666424923039472
118-3.png,37.813249771020125,-122.29172529960321,105.66642492303947
118-4.png,37.813249771020125,-122.29172529960321,195.66642492303947
119-1.png,37.813377348091024,-122.28511141988699,285.2951087706487
119-2.png,37.813377348091024,-122.28511141988699,15.29510877064871
119-3.png,37.813377348091024,-122.28511141988699,105.29510877064871
119-4.png,37.813377348091024,-122.28511141988699,195.29510877064877
120-1.png,37.81217072793345,-122.28402540000413,15.57409819820623
120-2.png,37.81217072793345,-122.28402540000413,105.57409819820623
120-3.png,37.81217072793345,-122.28402540000413,195.57409819820623
120-4.png,37.81217072793345,-122.28402540000413,285.57409819820623
121-1.png,37.810483802223835,-122.27998654053184,15.608550727146849
121-2.png,37.810483802223835,-122.27998654053184,105.60855072714685
121-3.png,37.810483802223835,-122.27998654053184,195.60855072714685
121-4.png,37.810483802223835,-122.27998654053184,285.60855072714685
122-1.png,37.81068758879044,-122.29099750757683,105.42806188821652
122-2.png,37.81068758879044,-122.29099750757683,195.42806188821652
122-3.png,37.81068758879044,-122.29099750757683,285.4280618882165
122-4.png,37.81068758879044,-122.29099750757683,15.428061888216519
123-1.png,37.81392013785703,-122.29055034458123,195.43979180674236
123-2.png,37.81392013785703,-122.29055034458123,285.4397918067424
123-3.png,37.81392013785703,-122.29055034458123,15.439791806742392
123-4.png,37.81392013785703,-122.29055034458123,105.43979180674239
124-1.png,37.807634468039886,-122.29283735970336,195.66883327573964
124-2.png,37.807634468039886,-122.29283735970336,285.66883327573964
124-3.png,37.807634468039886,-122.29283735970336,15.668833275739644
124-4.png,37.807634468039886,-122.29283735970336,105.66883327573964
125-1.png,37.810669914040766,-122.27991905271126,15.608550726255885
125-2.png,37.810669914040766,-122.27991905271126,105.60855072625588
125-3.png,37.810669914040766,-122.27991905271126,195.60855072625588
125-4.png,37.810669914040766,-122.27991905271126,285.6085507262559
126-1.png,37.813559584778645,-122.27816990568833,296.0915859353471
126-2.png,37.813559584778645,-122.27816990568833,26.091585935347098
126-3.png,37.813559584778645,-122.27816990568833,116.0915859353471
126-4.png,37.813559584778645,-122.27816990568833,206.0915859353471
127-1.png,37.81238105245055,-122.28955366551699,15.724970210018284
127-2.png,37.81238105245055,-122.28955366551699,105.72497021001828
127-3.png,37.81238105245055,-122.28955366551699,195.72497021001828
127-4.png,37.81238105245055,-122.28955366551699,285.7249702100183
128-1.png,37.81143703198061,-122.2842951219967,15.848009696516385
128-2.png,37.81143703198061,-122.2842951219967,105.84800969651639
128-3.png,37.81143703198061,-122.2842951219967,195.84800969651639
128-4.png,37.81143703198061,-122.2842951219967,285.8480096965164
129-1.png,37.81475460466021,-122.28588366669373,285.3683189719346
129-2.png,37.81475460466021,-122.28588366669373,15.368318971934627
129-3.png,37.81475460466021,-122.28588366669373,105.36831897193463
129-4.png,37.81475460466021,-122.28588366669373,195.36831897193463
130-1.png,37.81412961735674,-122.27879406335548,15.48456810461721
130-2.png,37.81412961735674,-122.27879406335548,105.48456810461721
130-3.png,37.81412961735674,-122.27879406335548,195.4845681046172
130-4.png,37.81412961735674,-122.27879406335548,285.4845681046172
131-1.png,37.81322416725034,-122.2755222906881,115.84556770277334
131-2.png,37.81322416725034,-122.2755222906881,205.84556770277334
131-3.png,37.81322416725034,-122.2755222906881,295.84556770277334
131-4.png,37.81322416725034,-122.2755222906881,25.845567702773337
132-1.png,37.81432059712705,-122.29607850200546,122.08587346671345
132-2.png,37.81432059712705,-122.29607850200546,212.08587346671345
132-3.png,37.81432059712705,-122.29607850200546,302.08587346671345
132-4.png,37.81432059712705,-122.29607850200546,32.08587346671345
133-1.png,37.812375972998055,-122.29139430697212,105.64448892422246
133-2.png,37.812375972998055,-122.29139430697212,195.64448892422246
133-3.png,37.812375972998055,-122.29139430697212,285.64448892422246
133-4.png,37.812375972998055,-122.29139430697212,15.644488924222458
134-1.png,37.81467050918452,-122.2876889568731,15.019627559957144
134-2.png,37.81467050918452,-122.2876889568731,105.01962755995714
134-3.png,37.81467050918452,-122.2876889568731,195.01962755995714
134-4.png,37.81467050918452,-122.2876889568731,285.01962755995714
135-1.png,37.81275589182285,-122.27612089281364,296.4579234850916
135-2.png,37.81275589182285,-122.27612089281364,26.457923485091612
135-3.png,37.81275589182285,-122.27612089281364,116.45792348509161
135-4.png,37.81275589182285,-122.27612089281364,206.45792348509167
136-1.png,37.809939693050275,-122.29164943348755,15.84445912880227
136-2.png,37.809939693050275,-122.29164943348755,105.84445912880227
136-3.png,37.809939693050275,-122.29164943348755,195.84445912880227
136-4.png,37.809939693050275,-122.29164943348755,285.84445912880227
137-1.png,37.811956039669454,-122.28073552301775,16.22474700386357
137-2.png,37.811956039669454,-122.28073552301775,106.22474700386357
137-3.png,37.811956039669454,-122.28073552301775,196.22474700386357
137-4.png,37.811956039669454,-122.28073552301775,286.22474700386357
138-1.png,37.81095453269493,-122.28447281148253,15.815458901415923
138-2.png,37.81095453269493,-122.28447281148253,105.81545890141592
138-3.png,37.81095453269493,-122.28447281148253,195.81545890141592
138-4.png,37.81095453269493,-122.28447281148253,285.8154589014159
139-1.png,37.81343558634341,-122.27606668367216,115.91372836261087
139-2.png,37.81343558634341,-122.27606668367216,205.91372836261087
139-3.png,37.81343558634341,-122.27606668367216,295.91372836261087
139-4.png,37.81343558634341,-122.27606668367216,25.91372836261087
140-1.png,37.81058745280575,-122.28352354692474,105.78472574028223
140-2.png,37.81058745280575,-122.28352354692474,195.78472574028223
140-3.png,37.81058745280575,-122.28352354692474,285.7847257402822
140-4.png,37.81058745280575,-122.28352354692474,15.784725740282227
141-1.png,37.811979803250495,-122.28072649548558,16.174225909326026
141-2.png,37.811979803250495,-122.28072649548558,106.17422590932603
141-3.png,37.811979803250495,-122.28072649548558,196.17422590932603
141-4.png,37.811979803250495,-122.28072649548558,286.174225909326
142-1.png,37.81030317480943,-122.28243355034672,15.744982352635077
142-2.png,37.81030317480943,-122.28243355034672,105.74498235263508
142-3.png,37.81030317480943,-122.28243355034672,195.74498235263508
142-4.png,37.81030317480943,-122.28243355034672,285.7449823526351
143-1.png,37.81189732193904,-122.28184659516391,15.722339467067059
143-2.png,37.81189732193904,-122.28184659516391,105.72233946706706
143-3.png,37.81189732193904,-122.28184659516391,195.72233946706706
143-4.png,37.81189732193904,-122.28184659516391,285.72233946706706
144-1.png,37.81345517817724,-122.28239639267969,13.849832126962497
144-2.png,37.81345517817724,-122.28239639267969,103.8498321269625
144-3.png,37.81345517817724,-122.28239639267969,193.8498321269625
144-4.png,37.81345517817724,-122.28239639267969,283.8498321269625
145-1.png,37.811704602801605,-122.29139696290184,196.24873409251217
145-2.png,37.811704602801605,-122.29139696290184,286.24873409251217
145-3.png,37.811704602801605,-122.29139696290184,16.248734092512166
145-4.png,37.811704602801605,-122.29139696290184,106.24873409251217
146-1.png,37.81148530344969,-122.28138021762356,285.4298055073997
146-2.png,37.81148530344969,-122.28138021762356,15.429805507399692
146-3.png,37.81148530344969,-122.28138021762356,105.42980550739969
146-4.png,37.81148530344969,-122.28138021762356,195.4298055073997
147-1.png,37.8100634788203,-122.29160387143286,15.844459128686708
147-2.png,37.8100634788203,-122.29160387143286,105.84445912868671
147-3.png,37.8100634788203,-122.29160387143286,195.8444591286867
147-4.png,37.8100634788203,-122.29160387143286,285.8444591286867
148-1.png,37.814387713728436,-122.29038271575942,195.44141746996993
148-2.png,37.814387713728436,-122.29038271575942,285.4414174699699
148-3.png,37.814387713728436,-122.29038271575942,15.441417469969906
148-4.png,37.814387713728436,-122.29038271575942,105.4414174699699
149-1.png,37.81399987415847,-122.279992965923,15.863825884740436
149-2.png,37.81399987415847,-122.279992965923,105.86382588474044
149-3.png,37.81399987415847,-122.279992965923,195.86382588474044
149-4.png,37.81399987415847,-122.279992965923,285.86382588474044
150-1.png,37.810972946818154,-122.28522887832281,105.50533832959434
150-2.png,37.810972946818154,-122.28522887832281,195.50533832959434
150-3.png,37.810972946818154,-122.28522887832281,285.50533832959434
150-4.png,37.810972946818154,-122.28522887832281,15.505338329594338
151-1.png,37.813520197516894,-122.27964543462737,282.6312857254101
151-2.png,37.813520197516894,-122.27964543462737,12.631285725410123
151-3.png,37.813520197516894,-122.27964543462737,102.63128572541012
151-4.png,37.813520197516894,-122.27964543462737,192.63128572541018
152-1.png,37.81251330000008,-122.28162156414966,15.72271278580007
152-2.png,37.81251330000008,-122.28162156414966,105.72271278580007
152-3.png,37.81251330000008,-122.28162156414966,195.72271278580007
152-4.png,37.81251330000008,-122.28162156414966,285.72271278580007
153-1.png,37.81369818595082,-122.28010420562248,15.648281170505527
153-2.png,37.81369818595082,-122.28010420562248,105.64828117050553
153-3.png,37.81369818595082,-122.28010420562248,195.64828117050553
153-4.png,37.81369818595082,-122.28010420562248,285.6482811705055
154-1.png,37.81000895295405,-122.28598873282044,15.411109170000373
154-2.png,37.81000895295405,-122.28598873282044,105.41110917000037
154-3.png,37.81000895295405,-122.28598873282044,195.41110917000037
154-4.png,37.81000895295405,-122.28598873282044,285.4111091700004
155-1.png,37.81101590630506,-122.28679008536713,15.941113063512034
155-2.png,37.81101590630506,-122.28679008536713,105.94111306351203
155-3.png,37.81101590630506,-122.28679008536713,195.94111306351203
155-4.png,37.81101590630506,-122.28679008536713,285.94111306351203
156-1.png,37.810758443971444,-122.29177514920785,195.33986856595595
156-2.png,37.810758443971444,-122.29177514920785,285.33986856595595
156-3.png,37.810758443971444,-122.29177514920785,15.339868565955953
156-4.png,37.810758443971444,-122.29177514920785,105.33986856595595
157-1.png,37.81246134436705,-122.28510103336247,195.62475635610306
157-2.png,37.81246134436705,-122.28510103336247,285.62475635610303
157-3.png,37.81246134436705,-122.28510103336247,15.624756356103035
157-4.png,37.81246134436705,-122.28510103336247,105.62475635610303
158-1.png,37.810749114170605,-122.29135105122057,15.886894464457782
158-2.png,37.810749114170605,-122.29135105122057,105.88689446445778
158-3.png,37.810749114170605,-122.29135105122057,195.88689446445778
158-4.png,37.810749114170605,-122.29135105122057,285.8868944644578
159-1.png,37.813948754975655,-122.27737170596944,115.96080548110206
159-2.png,37.813948754975655,-122.27737170596944,205.96080548110206
159-3.png,37.813948754975655,-122.27737170596944,295.96080548110206
159-4.png,37.813948754975655,-122.27737170596944,25.960805481102057
160-1.png,37.81480166767354,-122.2876434249547,14.960940938806345
160-2.png,37.81480166767354,-122.2876434249547,104.96094093880635
160-3.png,37.81480166767354,-122.2876434249547,194.96094093880635
160-4.png,37.81480166767354,-122.2876434249547,284.96094093880635
161-1.png,37.81027052060819,-122.28006388021146,15.608550727146849
161-2.png,37.81027052060819,-122.28006388021146,105.60855072714685
161-3.png,37.81027052060819,-122.28006388021146,195.60855072714685
161-4.png,37.81027052060819,-122.28006388021146,285.60855072714685
162-1.png,37.81348730930486,-122.29070832028927,195.7900910866965
162-2.png,37.81348730930486,-122.29070832028927,285.7900910866965
162-3.png,37.81348730930486,-122.29070832028927,15.79009108669652
162-4.png,37.81348730930486,-122.29070832028927,105.79009108669652
163-1.png,37.81205207620524,-122.2899853925175,105.56502437906528
163-2.png,37.81205207620524,-122.2899853925175,195.56502437906528
163-3.png,37.81205207620524,-122.2899853925175,285.5650243790653
163-4.png,37.81205207620524,-122.2899853925175,15.565024379065278
164-1.png,37.80780262614332,-122.29277626099451,196.11211834397707
164-2.png,37.80780262614332,-122.29277626099451,286.11211834397704
164-3.png,37.80780262614332,-122.29277626099451,16.112118343977045
164-4.png,37.80780262614332,-122.29277626099451,106.11211834397704
165-1.png,37.810586202423494,-122.28460677149424,15.620510084661532
165-2.png,37.810586202423494,-122.28460677149424,105.62051008466153
165-3.png,37.810586202423494,-122.28460677149424,195.62051008466153
165-4.png,37.810586202423494,-122.28460677149424,285.62051008466153
166-1.png,37.81138519306968,-122.28092515683373,285.32322765555665
166-2.png,37.81138519306968,-122.28092515683373,15.32322765555665
166-3.png,37.81138519306968,-122.28092515683373,105.32322765555665
166-4.png,37.81138519306968,-122.28092515683373,195.3232276555566
167-1.png,37.81075373970661,-122.28426120988667,105.44955059496647
167-2.png,37.81075373970661,-122.28426120988667,195.44955059496647
167-3.png,37.81075373970661,-122.28426120988667,285.44955059496647
167-4.png,37.81075373970661,-122.28426120988667,15.449550594966468
168-1.png,37.81518700309076,-122.28750894127833,15.307533848382661
168-2.png,37.81518700309076,-122.28750894127833,105.30753384838266
168-3.png,37.81518700309076,-122.28750894127833,195.30753384838266
168-4.png,37.81518700309076,-122.28750894127833,285.30753384838266
169-1.png,37.813596050109695,-122.28005501550656,283.32469921014217
169-2.png,37.813596050109695,-122.28005501550656,13.324699210142171
169-3.png,37.813596050109695,-122.28005501550656,103.32469921014217
169-4.png,37.813596050109695,-122.28005501550656,193.32469921014217
170-1.png,37.810850604005225,-122.2880329509693,15.46618553646357
170-2.png,37.810850604005225,-122.2880329509693,105.46618553646357
170-3.png,37.810850604005225,-122.2880329509693,195.46618553646357
170-4.png,37.810850604005225,-122.2880329509693,285.46618553646357
171-1.png,37.81328822627481,-122.29078124561529,195.7722826430954
171-2.png,37.81328822627481,-122.29078124561529,285.7722826430954
171-3.png,37.81328822627481,-122.29078124561529,15.772282643095423
171-4.png,37.81328822627481,-122.29078124561529,105.77228264309542
172-1.png,37.81054407470205,-122.28696551253269,16.36862506436347
172-2.png,37.81054407470205,-122.28696551253269,106.36862506436347
172-3.png,37.81054407470205,-122.28696551253269,196.36862506436347
172-4.png,37.81054407470205,-122.28696551253269,286.36862506436347
173-1.png,37.80888048304826,-122.2923875085577,195.00007355344863
173-2.png,37.80888048304826,-122.2923875085577,285.0000735534486
173-3.png,37.80888048304826,-122.2923875085577,15.000073553448601
173-4.png,37.80888048304826,-122.2923875085577,105.0000735534486
174-1.png,37.81333132416596,-122.27579571079468,115.30760886014406
174-2.png,37.81333132416596,-122.27579571079468,205.30760886014406
174-3.png,37.81333132416596,-122.27579571079468,295.30760886014406
174-4.png,37.81333132416596,-122.27579571079468,25.307608860144057
175-1.png,37.81261711206733,-122.28158363880874,15.643418770706546
175-2.png,37.81261711206733,-122.28158363880874,105.64341877070655
175-3.png,37.81261711206733,-122.28158363880874,195.64341877070655
175-4.png,37.81261711206733,-122.28158363880874,285.64341877070655
176-1.png,37.8116694327529,-122.28218413088325,285.44280477308774
176-2.png,37.8116694327529,-122.28218413088325,15.442804773087744
176-3.png,37.8116694327529,-122.28218413088325,105.44280477308774
176-4.png,37.8116694327529,-122.28218413088325,195.4428047730878
177-1.png,37.81337006071157,-122.27589939238528,115.28826760664356
177-2.png,37.81337006071157,-122.27589939238528,205.28826760664356
177-3.png,37.81337006071157,-122.27589939238528,295.28826760664356
177-4.png,37.81337006071157,-122.27589939238528,25.288267606643558
178-1.png,37.81412989062542,-122.29047514744049,195.44141747063802
178-2.png,37.81412989062542,-122.29047514744049,285.44141747063804
178-3.png,37.81412989062542,-122.29047514744049,15.441417470638044
178-4.png,37.81412989062542,-122.29047514744049,105.44141747063804
179-1.png,37.81334138879659,-122.27761909387506,296.0915859353471
179-2.png,37.81334138879659,-122.27761909387506,26.091585935347098
179-3.png,37.81334138879659,-122.27761909387506,116.0915859353471
179-4.png,37.81334138879659,-122.27761909387506,206.0915859353471
180-1.png,37.811079193319344,-122.2796069172466,107.94626864055493
180-2.png,37.811079193319344,-122.2796069172466,197.94626864055493
180-3.png,37.811079193319344,-122.2796069172466,287.94626864055493
180-4.png,37.811079193319344,-122.2796069172466,17.946268640554933
181-1.png,37.8106442958459,-122.27682051621527,115.85004105510387
181-2.png,37.8106442958459,-122.27682051621527,205.85004105510387
181-3.png,37.8106442958459,-122.27682051621527,295.8500410551039
181-4.png,37.8106442958459,-122.27682051621527,25.850041055103873
182-1.png,37.81089859839854,-122.28221401538408,15.874126902383182
182-2.png,37.81089859839854,-122.28221401538408,105.87412690238318
182-3.png,37.81089859839854,-122.28221401538408,195.87412690238318
182-4.png,37.81089859839854,-122.28221401538408,285.8741269023832
183-1.png,37.8113921396277,-122.2878384760867,15.46618553774482
183-2.png,37.8113921396277,-122.2878384760867,105.46618553774482
183-3.png,37.8113921396277,-122.2878384760867,195.46618553774482
183-4.png,37.8113921396277,-122.2878384760867,285.4661855377448
184-1.png,37.81176086505235,-122.29096245409904,16.717379455270645
184-2.png,37.81176086505235,-122.29096245409904,106.71737945527065
184-3.png,37.81176086505235,-122.29096245409904,196.71737945527065
184-4.png,37.81176086505235,-122.29096245409904,286.71737945527065
185-1.png,37.81333185508476,-122.2881686782002,15.748350713755883
185-2.png,37.81333185508476,-122.2881686782002,105.74835071375588
185-3.png,37.81333185508476,-122.2881686782002,195.74835071375588
185-4.png,37.81333185508476,-122.2881686782002,285.7483507137559
186-1.png,37.81329639248287,-122.29192889223405,285.6664249230395
186-2.png,37.81329639248287,-122.29192889223405,15.666424923039472
186-3.png,37.81329639248287,-122.29192889223405,105.66642492303947
186-4.png,37.81329639248287,-122.29192889223405,195.66642492303947
187-1.png,37.81406171922285,-122.28249637541246,282.6345806988469
187-2.png,37.81406171922285,-122.28249637541246,12.63458069884689
187-3.png,37.81406171922285,-122.28249637541246,102.63458069884689
187-4.png,37.81406171922285,-122.28249637541246,192.6345806988469
188-1.png,37.81326745010885,-122.27911097854518,14.77727467642103
188-2.png,37.81326745010885,-122.27911097854518,104.77727467642103
188-3.png,37.81326745010885,-122.27911097854518,194.77727467642103
188-4.png,37.81326745010885,-122.27911097854518,284.77727467642103
189-1.png,37.81357545305094,-122.28599798358056,285.2919862327599
189-2.png,37.81357545305094,-122.28599798358056,15.291986232759882
189-3.png,37.81357545305094,-122.28599798358056,105.29198623275988
189-4.png,37.81357545305094,-122.28599798358056,195.29198623275988
190-1.png,37.8128836198392,-122.29054889902648,15.350654795078981
190-2.png,37.8128836198392,-122.29054889902648,105.35065479507898
190-3.png,37.8128836198392,-122.29054889902648,195.35065479507898
190-4.png,37.8128836198392,-122.29054889902648,285.350654795079
191-1.png,37.81101309476155,-122.27936553177196,113.59555279284223
191-2.png,37.81101309476155,-122.27936553177196,203.59555279284223
191-3.png,37.81101309476155,-122.27936553177196,293.5955527928422
191-4.png,37.81101309476155,-122.27936553177196,23.595552792842227
192-1.png,37.81451839869321,-122.27889077348428,108.97951695653671
192-2.png,37.81451839869321,-122.27889077348428,198.9795169565367
192-3.png,37.81451839869321,-122.27889077348428,288.9795169565367
192-4.png,37.81451839869321,-122.27889077348428,18.979516956536713
193-1.png,37.813256624520086,-122.29396429246349,121.60344285013326
193-2.png,37.813256624520086,-122.29396429246349,211.60344285013326
193-3.png,37.813256624520086,-122.29396429246349,301.60344285013326
193-4.png,37.813256624520086,-122.29396429246349,31.603442850133263
194-1.png,37.81058687985878,-122.28352100342131,105.78676807221677
194-2.png,37.81058687985878,-122.28352100342131,195.78676807221677
194-3.png,37.81058687985878,-122.28352100342131,285.7867680722168
194-4.png,37.81058687985878,-122.28352100342131,15.786768072216773
195-1.png,37.81054390282988,-122.28333659178332,105.93523556860197
195-2.png,37.81054390282988,-122.28333659178332,195.93523556860197
195-3.png,37.81054390282988,-122.28333659178332,285.93523556860197
195-4.png,37.81054390282988,-122.28333659178332,15.935235568601968
196-1.png,37.81301574928179,-122.28828396149854,15.626920064878561
196-2.png,37.81301574928179,-122.28828396149854,105.62692006487856
196-3.png,37.81301574928179,-122.28828396149854,195.62692006487856
196-4.png,37.81301574928179,-122.28828396149854,285.62692006487856
197-1.png,37.810462164800676,-122.27999438666525,15.608550727146849
197-2.png,37.810462164800676,-122.27999438666525,105.60855072714685
197-3.png,37.810462164800676,-122.27999438666525,195.60855072714685
197-4.png,37.810462164800676,-122.27999438666525,285.60855072714685
198-1.png,37.810993538183396,-122.28563678046424,15.432965837305005
198-2.png,37.810993538183396,-122.28563678046424,105.432965837305
198-3.png,37.810993538183396,-122.28563678046424,195.432965837305
198-4.png,37.810993538183396,-122.28563678046424,285.432965837305
199-1.png,37.8079771457856,-122.292362125854,15.34727306515805
199-2.png,37.8079771457856,-122.292362125854,105.34727306515805
199-3.png,37.8079771457856,-122.292362125854,195.34727306515805
199-4.png,37.8079771457856,-122.292362125854,285.34727306515805
200-1.png,37.811317373565615,-122.2785372054934,115.95190815761703
200-2.png,37.811317373565615,-122.2785372054934,205.95190815761703
200-3.png,37.811317373565615,-122.2785372054934,295.951908157617
200-4.png,37.811317373565615,-122.2785372054934,25.951908157617027
